date,file_link
2022-05-17,https://raw.githubusercontent.com/cagov/covid-static-data/0583f6111ecc1e6df5b720a8039c110a328d7d09/data/dashboard/confirmed-cases/california.json
2022-05-13,https://raw.githubusercontent.com/cagov/covid-static-data/efd87c93a4b21c1865016a5eac2758d1c3f53cd2/data/dashboard/confirmed-cases/california.json
2022-05-10,https://raw.githubusercontent.com/cagov/covid-static-data/ebd7e59c826111ab10134037e4729f63c4955fcd/data/dashboard/confirmed-cases/california.json
2022-05-06,https://raw.githubusercontent.com/cagov/covid-static-data/5bc95e2206b451edc310fa8b234ff7ad249a1885/data/dashboard/confirmed-cases/california.json
2022-05-03,https://raw.githubusercontent.com/cagov/covid-static-data/dda07ebddf2092bca329827f94e1a196d3b3ebb2/data/dashboard/confirmed-cases/california.json
2022-04-29,https://raw.githubusercontent.com/cagov/covid-static-data/79787a6123be3abd8152763289b342bf0d158a89/data/dashboard/confirmed-cases/california.json
2022-04-26,https://raw.githubusercontent.com/cagov/covid-static-data/53b006741e0f2be3ae0b712164d818a12cc40dd6/data/dashboard/confirmed-cases/california.json
2022-04-22,https://raw.githubusercontent.com/cagov/covid-static-data/50ba57210518f8cdf09a61253c0ee469b97a2c28/data/dashboard/confirmed-cases/california.json
2022-04-19,https://raw.githubusercontent.com/cagov/covid-static-data/dc29db875b014de81d6e08e65f2bbd7a5b099813/data/dashboard/confirmed-cases/california.json
2022-04-15,https://raw.githubusercontent.com/cagov/covid-static-data/c41cd76858cf310d9c40a924f5d583838b10e7fb/data/dashboard/confirmed-cases/california.json
2022-04-13,https://raw.githubusercontent.com/cagov/covid-static-data/9ecf3d15ef3864324bdee7bdde5dd44dc2878ed4/data/dashboard/confirmed-cases/california.json
2022-04-12,https://raw.githubusercontent.com/cagov/covid-static-data/aa0ba6d895273c293c4e4d26f33e7f8c7a4f9383/data/dashboard/confirmed-cases/california.json
2022-04-08,https://raw.githubusercontent.com/cagov/covid-static-data/3146ba8bd1d592147c976f205d8ef6c49a0f8c4b/data/dashboard/confirmed-cases/california.json
2022-04-05,https://raw.githubusercontent.com/cagov/covid-static-data/8e2280cef4bf0426a7e448b4ade0d5f486543d0d/data/dashboard/confirmed-cases/california.json
2022-04-01,https://raw.githubusercontent.com/cagov/covid-static-data/f583d8d1bd5d1136cdf6f824efface900ca59203/data/dashboard/confirmed-cases/california.json
2022-03-30,https://raw.githubusercontent.com/cagov/covid-static-data/bb6cf803820056bebc6f9219cc84270db837580e/data/dashboard/confirmed-cases/california.json
2022-03-29,https://raw.githubusercontent.com/cagov/covid-static-data/debbb791206af9be8f5186bac7e36adebe5e2b40/data/dashboard/confirmed-cases/california.json
2022-03-28,https://raw.githubusercontent.com/cagov/covid-static-data/dff3fcb458c449c63fa249d0fa03bd25c0bf758c/data/dashboard/confirmed-cases/california.json
2022-03-25,https://raw.githubusercontent.com/cagov/covid-static-data/d974538eb25fd5478d1e7d79a4bd738dc34a1732/data/dashboard/confirmed-cases/california.json
2022-03-24,https://raw.githubusercontent.com/cagov/covid-static-data/8b9ee0038c348f50423e8008a179a77e78687738/data/dashboard/confirmed-cases/california.json
2022-03-23,https://raw.githubusercontent.com/cagov/covid-static-data/066a3f3d1e2cfea8ed6b18c0366bb2c098e2070c/data/dashboard/confirmed-cases/california.json
2022-03-22,https://raw.githubusercontent.com/cagov/covid-static-data/ecd508993be60a6393a1460e60cfc15363d252bc/data/dashboard/confirmed-cases/california.json
2022-03-21,https://raw.githubusercontent.com/cagov/covid-static-data/42d57bfc6725dcc95bd11e64d871c070ba404094/data/dashboard/confirmed-cases/california.json
2022-03-18,https://raw.githubusercontent.com/cagov/covid-static-data/8f72984a2c13fbe8ab0a53b52c1e796cd1be6a27/data/dashboard/confirmed-cases/california.json
2022-03-17,https://raw.githubusercontent.com/cagov/covid-static-data/7c7b7af073297b6ed719118842a740e4f49ce26a/data/dashboard/confirmed-cases/california.json
2022-03-16,https://raw.githubusercontent.com/cagov/covid-static-data/71d89251f317c57da186c4af279b58302965fcdb/data/dashboard/confirmed-cases/california.json
2022-03-15,https://raw.githubusercontent.com/cagov/covid-static-data/a6c3a968bf042a5d059701cfdc177059b99b5735/data/dashboard/confirmed-cases/california.json
2022-03-14,https://raw.githubusercontent.com/cagov/covid-static-data/4febe5c7652279daff3414fa6306fd797037cd68/data/dashboard/confirmed-cases/california.json
2022-03-11,https://raw.githubusercontent.com/cagov/covid-static-data/7b62d0a20086e872b589d2d3edba2000fba095bb/data/dashboard/confirmed-cases/california.json
2022-03-10,https://raw.githubusercontent.com/cagov/covid-static-data/32c83cad423eeaa2cd19ad26d27e0c6868eb6b3b/data/dashboard/confirmed-cases/california.json
2022-03-09,https://raw.githubusercontent.com/cagov/covid-static-data/f75b918e3ca7660ab618fcde8edb39f515e3a9da/data/dashboard/confirmed-cases/california.json
2022-03-08,https://raw.githubusercontent.com/cagov/covid-static-data/5046165287807dcfa919c57b896928209e234c41/data/dashboard/confirmed-cases/california.json
2022-03-07,https://raw.githubusercontent.com/cagov/covid-static-data/1c59c12e0de42e8646a35c1b1ef1517a90b771a8/data/dashboard/confirmed-cases/california.json
2022-03-04,https://raw.githubusercontent.com/cagov/covid-static-data/ad7d908f69760bdd8c12f20dca2c04f574a70474/data/dashboard/confirmed-cases/california.json
2022-03-03,https://raw.githubusercontent.com/cagov/covid-static-data/00af132b4965df42db9f485a3cee538ca64a77d6/data/dashboard/confirmed-cases/california.json
2022-03-02,https://raw.githubusercontent.com/cagov/covid-static-data/de4defe6522379e6667b09b9303dea1ad90de15e/data/dashboard/confirmed-cases/california.json
2022-03-01,https://raw.githubusercontent.com/cagov/covid-static-data/c06b4b6ceec95726fc987e0e492b35fa71ee2b61/data/dashboard/confirmed-cases/california.json
2022-02-28,https://raw.githubusercontent.com/cagov/covid-static-data/da4cad1a866b7bdd006c67b5b1c19a30197aabdf/data/dashboard/confirmed-cases/california.json
2022-02-25,https://raw.githubusercontent.com/cagov/covid-static-data/85038e1e4194d2d598a54b1574cdb9e13671d24f/data/dashboard/confirmed-cases/california.json
2022-02-24,https://raw.githubusercontent.com/cagov/covid-static-data/3e2c4ae901943689993669b1d0441a6f3fdfb932/data/dashboard/confirmed-cases/california.json
2022-02-23,https://raw.githubusercontent.com/cagov/covid-static-data/5a33b76fa92ff20cedacbd869fb7e41726a0cdee/data/dashboard/confirmed-cases/california.json
2022-02-22,https://raw.githubusercontent.com/cagov/covid-static-data/b13b5648f33c5684406125aff0740051f3990b9f/data/dashboard/confirmed-cases/california.json
2022-02-18,https://raw.githubusercontent.com/cagov/covid-static-data/18716551fee07969ec727e6c8b2791e3e243b537/data/dashboard/confirmed-cases/california.json
2022-02-17,https://raw.githubusercontent.com/cagov/covid-static-data/b0d8f131dfb055b2581fda86d1708b852f3c1c0f/data/dashboard/confirmed-cases/california.json
2022-02-16,https://raw.githubusercontent.com/cagov/covid-static-data/7196fec24682a06c1f3693d79c781880fa5d96fb/data/dashboard/confirmed-cases/california.json
2022-02-15,https://raw.githubusercontent.com/cagov/covid-static-data/1ec95f0b8b928c2b55ac606df9b1f23aebb11041/data/dashboard/confirmed-cases/california.json
2022-02-14,https://raw.githubusercontent.com/cagov/covid-static-data/a46861ec397acad209e96769f0c9f98de7f1d938/data/dashboard/confirmed-cases/california.json
2022-02-11,https://raw.githubusercontent.com/cagov/covid-static-data/a611fde0f5e642c71b37ccd6983ddb8ba9733394/data/dashboard/confirmed-cases/california.json
2022-02-10,https://raw.githubusercontent.com/cagov/covid-static-data/78f7d13388c078fbb969a069f46727fa54a7491c/data/dashboard/confirmed-cases/california.json
2022-02-09,https://raw.githubusercontent.com/cagov/covid-static-data/c2d9677e404c2fe319ff3ef1f545ab68ad9f8cdd/data/dashboard/confirmed-cases/california.json
2022-02-08,https://raw.githubusercontent.com/cagov/covid-static-data/dc8042090fd91c2e4c211b9d1f2a175eaeb8e8c6/data/dashboard/confirmed-cases/california.json
2022-02-07,https://raw.githubusercontent.com/cagov/covid-static-data/1c28597fbbd98127628380bded6c0d93fd9c5c19/data/dashboard/confirmed-cases/california.json
2022-02-04,https://raw.githubusercontent.com/cagov/covid-static-data/24205e4f9790df0861e1f8af23a0d344ec0f171e/data/dashboard/confirmed-cases/california.json
2022-02-03,https://raw.githubusercontent.com/cagov/covid-static-data/aaee2869b6948ba055a10402c03a9687412a2041/data/dashboard/confirmed-cases/california.json
2022-02-02,https://raw.githubusercontent.com/cagov/covid-static-data/3ebb113959d93b98cb2e3e72a6c881fec6706fbc/data/dashboard/confirmed-cases/california.json
2022-02-01,https://raw.githubusercontent.com/cagov/covid-static-data/4015cbc34eba89926637f3f84ca5cb4841999187/data/dashboard/confirmed-cases/california.json
2022-01-31,https://raw.githubusercontent.com/cagov/covid-static-data/450a97cc9a2e69de2b32030d52bf46c8dc3e8133/data/dashboard/confirmed-cases/california.json
2022-01-28,https://raw.githubusercontent.com/cagov/covid-static-data/5662b555410a63015bcad05d433869ae21cd2909/data/dashboard/confirmed-cases/california.json
2022-01-27,https://raw.githubusercontent.com/cagov/covid-static-data/17ddf35d7c328edde4215682030fcf18c773eefd/data/dashboard/confirmed-cases/california.json
2022-01-26,https://raw.githubusercontent.com/cagov/covid-static-data/285a0cec406b990b0c0b71f49c888b4efdf7827a/data/dashboard/confirmed-cases/california.json
2022-01-25,https://raw.githubusercontent.com/cagov/covid-static-data/e9c840e901cf23f579ec066c78671cf28d701855/data/dashboard/confirmed-cases/california.json
2022-01-24,https://raw.githubusercontent.com/cagov/covid-static-data/e70b7d2c9abb1ecd9a9d880178cb140d6489edb1/data/dashboard/confirmed-cases/california.json
2022-01-21,https://raw.githubusercontent.com/cagov/covid-static-data/01d1f1edc73530c4484db5d5a57572e6a06b0eab/data/dashboard/confirmed-cases/california.json
2022-01-20,https://raw.githubusercontent.com/cagov/covid-static-data/df5642a7b20ee03ae41a11ce15c4dbebc676e1ac/data/dashboard/confirmed-cases/california.json
2022-01-19,https://raw.githubusercontent.com/cagov/covid-static-data/3ec02ac99a1dbcd229ee19b6e3845097ad6d2843/data/dashboard/confirmed-cases/california.json
2022-01-18,https://raw.githubusercontent.com/cagov/covid-static-data/2b6a2eaa579d8d062683a340914cfb11250bf980/data/dashboard/confirmed-cases/california.json
2022-01-17,https://raw.githubusercontent.com/cagov/covid-static-data/103dde01d0f74ef53a0394c3dc3920f83851b779/data/dashboard/confirmed-cases/california.json
2022-01-14,https://raw.githubusercontent.com/cagov/covid-static-data/c76733c2b4dd8ba5a123207cf7dc1601d9fb2f82/data/dashboard/confirmed-cases/california.json
2022-01-13,https://raw.githubusercontent.com/cagov/covid-static-data/2f75ef7e2b7cdc431ed28cc75f31ffc476d6622e/data/dashboard/confirmed-cases/california.json
2022-01-12,https://raw.githubusercontent.com/cagov/covid-static-data/b29729ded555d60a63924251b927e71b98c68af7/data/dashboard/confirmed-cases/california.json
2022-01-11,https://raw.githubusercontent.com/cagov/covid-static-data/5d8a4676bffd973ab95a898bf04e3614c640a270/data/dashboard/confirmed-cases/california.json
2022-01-10,https://raw.githubusercontent.com/cagov/covid-static-data/43bc6e0aee10f56f13f873f6a752c84cd1d1915e/data/dashboard/confirmed-cases/california.json
2022-01-07,https://raw.githubusercontent.com/cagov/covid-static-data/eeaae5d4b06fd9d6b9aaeb4f49f0de1f0238d4e9/data/dashboard/confirmed-cases/california.json
2022-01-06,https://raw.githubusercontent.com/cagov/covid-static-data/f308b7f158f8877a57a59e29035029089100113c/data/dashboard/confirmed-cases/california.json
2022-01-05,https://raw.githubusercontent.com/cagov/covid-static-data/8b45f4887301b7665be19f54e84caf9f23508e5a/data/dashboard/confirmed-cases/california.json
2022-01-04,https://raw.githubusercontent.com/cagov/covid-static-data/408bde892b4a2d9bf9dffea5cd3c2066e1e5e5e9/data/dashboard/confirmed-cases/california.json
2021-12-31,https://raw.githubusercontent.com/cagov/covid-static-data/8a0e3df5b3bd408845340325b63571ab3e8a7643/data/dashboard/confirmed-cases/california.json
2021-12-30,https://raw.githubusercontent.com/cagov/covid-static-data/cce9793e07c9a62445430a272401a712dc1ba4ea/data/dashboard/confirmed-cases/california.json
2021-12-29,https://raw.githubusercontent.com/cagov/covid-static-data/34b451ca5f88e1105c939c32bbb6637195ab4a61/data/dashboard/confirmed-cases/california.json
2021-12-28,https://raw.githubusercontent.com/cagov/covid-static-data/2664accbae92ac7ab234222879f81c5c70d6cd54/data/dashboard/confirmed-cases/california.json
2021-12-27,https://raw.githubusercontent.com/cagov/covid-static-data/3e70f20953ab8f4f5c52d9eb38f5396624366b05/data/dashboard/confirmed-cases/california.json
2021-12-24,https://raw.githubusercontent.com/cagov/covid-static-data/b32b69dbd584e5f0f47b3823227bfe006dd9b509/data/dashboard/confirmed-cases/california.json
2021-12-23,https://raw.githubusercontent.com/cagov/covid-static-data/2ddb0d0588bdb3b5ff66ae6fa4f87abb9105150d/data/dashboard/confirmed-cases/california.json
2021-12-22,https://raw.githubusercontent.com/cagov/covid-static-data/39d6a0e75cfe95687e99a5e421fe5a3fd66834d0/data/dashboard/confirmed-cases/california.json
2021-12-21,https://raw.githubusercontent.com/cagov/covid-static-data/5f59d1ba620b17804b70687adc673630133a0d23/data/dashboard/confirmed-cases/california.json
2021-12-20,https://raw.githubusercontent.com/cagov/covid-static-data/12b2a7541e0c8959b5ac0e0572d335e4f87e24ef/data/dashboard/confirmed-cases/california.json
2021-12-19,https://raw.githubusercontent.com/cagov/covid-static-data/c20f86d8c03b93a11563b2b304b496c8ffe5d5ca/data/dashboard/confirmed-cases/california.json
2021-12-18,https://raw.githubusercontent.com/cagov/covid-static-data/0baea4bda52e8e0e23be55843d544e98ecce2782/data/dashboard/confirmed-cases/california.json
2021-12-17,https://raw.githubusercontent.com/cagov/covid-static-data/e3deddd326183cd2736439f9b005bfea21c328d2/data/dashboard/confirmed-cases/california.json
2021-12-16,https://raw.githubusercontent.com/cagov/covid-static-data/973e9ae335e9c3e7d4ed8114f12ea9153cba0793/data/dashboard/confirmed-cases/california.json
2021-12-15,https://raw.githubusercontent.com/cagov/covid-static-data/8718251af808177853a8258426dcf2a0abb0730c/data/dashboard/confirmed-cases/california.json
2021-12-14,https://raw.githubusercontent.com/cagov/covid-static-data/cb097c6e281f6854115d2ae5c3c7a2b82f231aee/data/dashboard/confirmed-cases/california.json
2021-12-13,https://raw.githubusercontent.com/cagov/covid-static-data/b820d78ac13d3529e9b991e5b4743e20668f7fcb/data/dashboard/confirmed-cases/california.json
2021-12-12,https://raw.githubusercontent.com/cagov/covid-static-data/4bd9fbf73399267e80310e8c43e8c2b68be10183/data/dashboard/confirmed-cases/california.json
2021-12-11,https://raw.githubusercontent.com/cagov/covid-static-data/f0c2e393e3b35ecbd1483df29af3c19746e3a244/data/dashboard/confirmed-cases/california.json
2021-12-10,https://raw.githubusercontent.com/cagov/covid-static-data/ad58341555ec7bef7119dcc80d358e8e532667ee/data/dashboard/confirmed-cases/california.json
2021-12-09,https://raw.githubusercontent.com/cagov/covid-static-data/8ee17253664f823a06020af86c5fdac0cad2a8bf/data/dashboard/confirmed-cases/california.json
2021-12-08,https://raw.githubusercontent.com/cagov/covid-static-data/0139e588bb54624fb543793c7dd6c682ff3fbe00/data/dashboard/confirmed-cases/california.json
2021-12-07,https://raw.githubusercontent.com/cagov/covid-static-data/afd92db0a75462139ca043d56056bb2539ead355/data/dashboard/confirmed-cases/california.json
2021-12-06,https://raw.githubusercontent.com/cagov/covid-static-data/ea9b0e61ae124dfd4e97f5ffd3ff3cb21a7cf864/data/dashboard/confirmed-cases/california.json
2021-12-05,https://raw.githubusercontent.com/cagov/covid-static-data/e235fb006ca2a86d4b19c5095ba96fcfae50b816/data/dashboard/confirmed-cases/california.json
2021-12-04,https://raw.githubusercontent.com/cagov/covid-static-data/7b0f4383a4cb421fd3a9cf65393f110b7f69c0b8/data/dashboard/confirmed-cases/california.json
2021-12-03,https://raw.githubusercontent.com/cagov/covid-static-data/e05abc1115508e9e7ebb08482123cc57fde30cec/data/dashboard/confirmed-cases/california.json
2021-12-02,https://raw.githubusercontent.com/cagov/covid-static-data/98841f5bab3001d8c4cbb5af04e65d7b1d333d99/data/dashboard/confirmed-cases/california.json
2021-12-01,https://raw.githubusercontent.com/cagov/covid-static-data/ce4977f95cb3972c97911259ab0e15c75fc916e1/data/dashboard/confirmed-cases/california.json
2021-11-30,https://raw.githubusercontent.com/cagov/covid-static-data/f37ee628d8352cafd4333ba6f5065f257a4fa295/data/dashboard/confirmed-cases/california.json
2021-11-29,https://raw.githubusercontent.com/cagov/covid-static-data/65c69320cba493553a71ac32960d8078db8f23e6/data/dashboard/confirmed-cases/california.json
2021-11-28,https://raw.githubusercontent.com/cagov/covid-static-data/4441b9ae41bfdb1f660d729e3918aa332bd62c76/data/dashboard/confirmed-cases/california.json
2021-11-27,https://raw.githubusercontent.com/cagov/covid-static-data/45b88901f2d9283ac5a4f71e09a80d784affe872/data/dashboard/confirmed-cases/california.json
2021-11-26,https://raw.githubusercontent.com/cagov/covid-static-data/cc9afbf475cbec6bae6d584a2e0f991c1ddc7526/data/dashboard/confirmed-cases/california.json
2021-11-25,https://raw.githubusercontent.com/cagov/covid-static-data/574cf7578de81c1c0d0da83d84078cd27f3e53be/data/dashboard/confirmed-cases/california.json
2021-11-24,https://raw.githubusercontent.com/cagov/covid-static-data/8f4c65e49d6db248fe5a41efc80f663c9ecb0e4d/data/dashboard/confirmed-cases/california.json
2021-11-23,https://raw.githubusercontent.com/cagov/covid-static-data/66c9098e033f9bd9e806dc27a878e3faa5adbc9d/data/dashboard/confirmed-cases/california.json
2021-11-22,https://raw.githubusercontent.com/cagov/covid-static-data/b71105510255a812d8a9c40d69580586c1749f6d/data/dashboard/confirmed-cases/california.json
2021-11-21,https://raw.githubusercontent.com/cagov/covid-static-data/70e9603eb91f2da86d91de85a98d304adb0458d9/data/dashboard/confirmed-cases/california.json
2021-11-20,https://raw.githubusercontent.com/cagov/covid-static-data/ef21066843cf5de0e7ee3672310f6a0532a0ee6f/data/dashboard/confirmed-cases/california.json
2021-11-19,https://raw.githubusercontent.com/cagov/covid-static-data/2343950d08cf546245dc769f558bc0f135ab4d8a/data/dashboard/confirmed-cases/california.json
2021-11-18,https://raw.githubusercontent.com/cagov/covid-static-data/ec0ae351f631ccc9b8ff37d72434928e1bfd4c16/data/dashboard/confirmed-cases/california.json
2021-11-17,https://raw.githubusercontent.com/cagov/covid-static-data/5b452e0ec1298fc4bbe9099b8aba95e4fa9a419b/data/dashboard/confirmed-cases/california.json
2021-11-16,https://raw.githubusercontent.com/cagov/covid-static-data/7a3f5f480e7d644749701f238a195a4bb19c0b4f/data/dashboard/confirmed-cases/california.json
2021-11-15,https://raw.githubusercontent.com/cagov/covid-static-data/e7187295557efbab570914271cf33a0862f4b6c3/data/dashboard/confirmed-cases/california.json
2021-11-14,https://raw.githubusercontent.com/cagov/covid-static-data/c2ac5706562106d95ab3b446866f8b186aa0e380/data/dashboard/confirmed-cases/california.json
2021-11-13,https://raw.githubusercontent.com/cagov/covid-static-data/6548933233171ab047f40fcd258a5b0e309d4f43/data/dashboard/confirmed-cases/california.json
2021-11-12,https://raw.githubusercontent.com/cagov/covid-static-data/3a70dd26bdad8560cd06ebcb27239bd2da6fc7a5/data/dashboard/confirmed-cases/california.json
2021-11-11,https://raw.githubusercontent.com/cagov/covid-static-data/dc94e8cce8de8e4aa8f53de63efe9604a04b2c80/data/dashboard/confirmed-cases/california.json
2021-11-10,https://raw.githubusercontent.com/cagov/covid-static-data/951e9b954dbc1d45446cd7f585ea2c9ff211f872/data/dashboard/confirmed-cases/california.json
2021-11-09,https://raw.githubusercontent.com/cagov/covid-static-data/6682f279951b2bb326dfdf23f2d7100f8dd98d69/data/dashboard/confirmed-cases/california.json
2021-11-08,https://raw.githubusercontent.com/cagov/covid-static-data/27ebaf1978e4dda270eeadd744651dd6577722e7/data/dashboard/confirmed-cases/california.json
2021-11-07,https://raw.githubusercontent.com/cagov/covid-static-data/aa7e9b446474098cee64104e21134e614e2df057/data/dashboard/confirmed-cases/california.json
2021-11-06,https://raw.githubusercontent.com/cagov/covid-static-data/ffceb0e17b35ff9a69e5cfca413872eb9f1990b1/data/dashboard/confirmed-cases/california.json
2021-11-05,https://raw.githubusercontent.com/cagov/covid-static-data/e4c9a9f834a332cc40af14ed2d459045e0e0c5d0/data/dashboard/confirmed-cases/california.json
2021-11-04,https://raw.githubusercontent.com/cagov/covid-static-data/62ad62995ed7600ebf5c3284dd82799caea5f46f/data/dashboard/confirmed-cases/california.json
2021-11-03,https://raw.githubusercontent.com/cagov/covid-static-data/bf1dd298b681342410c7dbe6d4f1f73a058235ac/data/dashboard/confirmed-cases/california.json
2021-11-02,https://raw.githubusercontent.com/cagov/covid-static-data/8d7e589628db953f453064565c751e8ef58906a8/data/dashboard/confirmed-cases/california.json
2021-11-01,https://raw.githubusercontent.com/cagov/covid-static-data/b9e2e0d40dfd807a5867fa02bbe4383d0dc77518/data/dashboard/confirmed-cases/california.json
2021-10-31,https://raw.githubusercontent.com/cagov/covid-static-data/795b21367ad51b158edf44a247e9abdacea03105/data/dashboard/confirmed-cases/california.json
2021-10-30,https://raw.githubusercontent.com/cagov/covid-static-data/c55db52d0fb89e22a90e201836db621c9ee03146/data/dashboard/confirmed-cases/california.json
2021-10-29,https://raw.githubusercontent.com/cagov/covid-static-data/4c92138e6d84ceedebac4f8866fc874fa3a2c8be/data/dashboard/confirmed-cases/california.json
2021-10-28,https://raw.githubusercontent.com/cagov/covid-static-data/81d74ea8b3403fd15f22c58a933bcca6f8a1f405/data/dashboard/confirmed-cases/california.json
2021-10-27,https://raw.githubusercontent.com/cagov/covid-static-data/b37eefa8ceb56a9b890c1a00df640ffc97620ded/data/dashboard/confirmed-cases/california.json
2021-10-26,https://raw.githubusercontent.com/cagov/covid-static-data/46d2e8c944b965a54e97a9b2fd4b5443a7f870f9/data/dashboard/confirmed-cases/california.json
2021-10-24,https://raw.githubusercontent.com/cagov/covid-static-data/ccc3bcb2dac6f3454cb5c4c2d3abe3d8243a028b/data/dashboard/confirmed-cases/california.json
2021-10-23,https://raw.githubusercontent.com/cagov/covid-static-data/00900b4ec888df317dce3fa4e2e4b55bca806ed1/data/dashboard/confirmed-cases/california.json
2021-10-22,https://raw.githubusercontent.com/cagov/covid-static-data/423cfbb97352ef03afdacbc1bc8ec996775329b2/data/dashboard/confirmed-cases/california.json
2021-10-21,https://raw.githubusercontent.com/cagov/covid-static-data/e50bb4287b74b0e6be68cd539d9c6163975de868/data/dashboard/confirmed-cases/california.json
2021-10-20,https://raw.githubusercontent.com/cagov/covid-static-data/46c14f30832523feeae80287d53db56f9003e707/data/dashboard/confirmed-cases/california.json
2021-10-19,https://raw.githubusercontent.com/cagov/covid-static-data/53d8a4c8af526ed7663593935001599d512cd46e/data/dashboard/confirmed-cases/california.json
2021-10-18,https://raw.githubusercontent.com/cagov/covid-static-data/0d2d9ebae92704f2660cf95bd63115102aed4e47/data/dashboard/confirmed-cases/california.json
2021-10-17,https://raw.githubusercontent.com/cagov/covid-static-data/6abec77e62420b5b6682112a3e233c2aebad240d/data/dashboard/confirmed-cases/california.json
2021-10-16,https://raw.githubusercontent.com/cagov/covid-static-data/57c4c31fc84a7250571b06962939de502d97282d/data/dashboard/confirmed-cases/california.json
2021-10-15,https://raw.githubusercontent.com/cagov/covid-static-data/1066c8b5ec1120ce641606067b59e7851c38cab9/data/dashboard/confirmed-cases/california.json
2021-10-14,https://raw.githubusercontent.com/cagov/covid-static-data/a04e0772ae008514418a35e36bb2e18fe2be52bb/data/dashboard/confirmed-cases/california.json
2021-10-13,https://raw.githubusercontent.com/cagov/covid-static-data/cb0fa6f9d53fff43cfcdfb0d3c3c7ce96bff0f73/data/dashboard/confirmed-cases/california.json
2021-10-12,https://raw.githubusercontent.com/cagov/covid-static-data/73d182a8e20ac968de021ddcac6f501cb59b319a/data/dashboard/confirmed-cases/california.json
2021-10-11,https://raw.githubusercontent.com/cagov/covid-static-data/92d553494782c27382432383ddcba32d8bb1ca9f/data/dashboard/confirmed-cases/california.json
2021-10-10,https://raw.githubusercontent.com/cagov/covid-static-data/b843aff5f2d2d2eb1db69fb7dead356d461c17e1/data/dashboard/confirmed-cases/california.json
2021-10-09,https://raw.githubusercontent.com/cagov/covid-static-data/a5ae8fd7adc5589cf7434463d3d31299940bbe4a/data/dashboard/confirmed-cases/california.json
2021-10-08,https://raw.githubusercontent.com/cagov/covid-static-data/4e242f2a0a524b1d9b72c3406f073d7f7d2384f3/data/dashboard/confirmed-cases/california.json
2021-10-07,https://raw.githubusercontent.com/cagov/covid-static-data/78ff90a1fe3998d27dd95d39460d8b2d812a3e93/data/dashboard/confirmed-cases/california.json
2021-10-06,https://raw.githubusercontent.com/cagov/covid-static-data/8151911dc59f647a1ee1e70365633414af67887a/data/dashboard/confirmed-cases/california.json
2021-10-05,https://raw.githubusercontent.com/cagov/covid-static-data/be23bb36e33e86ea34e198daea22c3a2b6e2eefc/data/dashboard/confirmed-cases/california.json
2021-10-04,https://raw.githubusercontent.com/cagov/covid-static-data/2d175443f4ab37d1c8f61a8db8891ec46f8fb219/data/dashboard/confirmed-cases/california.json
2021-10-03,https://raw.githubusercontent.com/cagov/covid-static-data/5ad2c7e0e05ac9d5f60c8d4812259578ce1a6d4b/data/dashboard/confirmed-cases/california.json
2021-10-02,https://raw.githubusercontent.com/cagov/covid-static-data/ac9e82101387571ba978e60aa814b5028b1ae198/data/dashboard/confirmed-cases/california.json
2021-10-01,https://raw.githubusercontent.com/cagov/covid-static-data/a1649678b4c58df7e5fea9bf805eee96f486dfe7/data/dashboard/confirmed-cases/california.json
2021-09-30,https://raw.githubusercontent.com/cagov/covid-static-data/9c84c25a4418b357736a4dd7c402480afac6b1b4/data/dashboard/confirmed-cases/california.json
2021-09-29,https://raw.githubusercontent.com/cagov/covid-static-data/79d6b36ab40ee91de8619ab14d5198fe7ae7fc7e/data/dashboard/confirmed-cases/california.json
2021-09-28,https://raw.githubusercontent.com/cagov/covid-static-data/88193c662de917be27b924fbcfb2a9a7e80dddd9/data/dashboard/confirmed-cases/california.json
2021-09-27,https://raw.githubusercontent.com/cagov/covid-static-data/f52d85efcf23754fe5ce3df5746984650058bab8/data/dashboard/confirmed-cases/california.json
2021-09-26,https://raw.githubusercontent.com/cagov/covid-static-data/5f6fc081b1288bab73f788b4cb13b0282d7373f3/data/dashboard/confirmed-cases/california.json
2021-09-25,https://raw.githubusercontent.com/cagov/covid-static-data/6c155ac65857c6f55f9cd692e2c4fc90f42704f6/data/dashboard/confirmed-cases/california.json
2021-09-24,https://raw.githubusercontent.com/cagov/covid-static-data/ea33b754496f18f96ddb8123fff1b1d07f0db388/data/dashboard/confirmed-cases/california.json
2021-09-23,https://raw.githubusercontent.com/cagov/covid-static-data/6d56ccdf03c5510b848afd06f06ef2b451ea9cfa/data/dashboard/confirmed-cases/california.json
2021-09-22,https://raw.githubusercontent.com/cagov/covid-static-data/cec0e142aea802cacf777b1c065202a35392ec89/data/dashboard/confirmed-cases/california.json
2021-09-21,https://raw.githubusercontent.com/cagov/covid-static-data/6769620532e272b88af781629c6ba036a46e201f/data/dashboard/confirmed-cases/california.json
2021-09-20,https://raw.githubusercontent.com/cagov/covid-static-data/686146003d3bfe9385428cd31b7b2223e9581a54/data/dashboard/confirmed-cases/california.json
2021-09-19,https://raw.githubusercontent.com/cagov/covid-static-data/f2aefcc0584002104f52f0b073e467113c65dc7a/data/dashboard/confirmed-cases/california.json
2021-09-18,https://raw.githubusercontent.com/cagov/covid-static-data/ea4ac8ab1db3a17484a34ce4ac8aa28a5bac8e74/data/dashboard/confirmed-cases/california.json
2021-09-17,https://raw.githubusercontent.com/cagov/covid-static-data/67c2c6a76a1e8ca95d5aaf49b6cc370395b70069/data/dashboard/confirmed-cases/california.json
2021-09-16,https://raw.githubusercontent.com/cagov/covid-static-data/580aff4b7e036fa9dca9626060b485a80b83c1bb/data/dashboard/confirmed-cases/california.json
2021-09-15,https://raw.githubusercontent.com/cagov/covid-static-data/b66c1ef0ac66a4e0ed5b87ac99167668698458eb/data/dashboard/confirmed-cases/california.json
2021-09-14,https://raw.githubusercontent.com/cagov/covid-static-data/4b6eb72913a01dfa21bb505733d77ee095e130c5/data/dashboard/confirmed-cases/california.json
2021-09-13,https://raw.githubusercontent.com/cagov/covid-static-data/f5391cb8d3d690dc4690eb78f87461215df951b5/data/dashboard/confirmed-cases/california.json
2021-09-12,https://raw.githubusercontent.com/cagov/covid-static-data/184c295d0febe50f3b2041d439919dc9345b8079/data/dashboard/confirmed-cases/california.json
2021-09-11,https://raw.githubusercontent.com/cagov/covid-static-data/8f17be7dd28f01030c5c6f6efb16eaee57e191e5/data/dashboard/confirmed-cases/california.json
2021-09-10,https://raw.githubusercontent.com/cagov/covid-static-data/ac04ae050ff54ab45ff2dcbe653ec55dd6c534ae/data/dashboard/confirmed-cases/california.json
2021-09-09,https://raw.githubusercontent.com/cagov/covid-static-data/5ab2077916fe1cab0475c90aa1a5456f8290807d/data/dashboard/confirmed-cases/california.json
2021-09-08,https://raw.githubusercontent.com/cagov/covid-static-data/4e0992602bc612a9007e03db482aad0625a9d2df/data/dashboard/confirmed-cases/california.json
2021-09-07,https://raw.githubusercontent.com/cagov/covid-static-data/27da6967cc551c2b5b0da88d33ea53c681525589/data/dashboard/confirmed-cases/california.json
2021-09-06,https://raw.githubusercontent.com/cagov/covid-static-data/238d1c5a304efbfc59b0190d077b92c910f3e613/data/dashboard/confirmed-cases/california.json
2021-09-05,https://raw.githubusercontent.com/cagov/covid-static-data/6c5cf09369b779c06ddfd77c03e625a8a9b6d6d3/data/dashboard/confirmed-cases/california.json
2021-09-04,https://raw.githubusercontent.com/cagov/covid-static-data/d71d55495f7a01748210df7d2e587bf3a7a84242/data/dashboard/confirmed-cases/california.json
2021-09-03,https://raw.githubusercontent.com/cagov/covid-static-data/d72e65f4e1c1f3567cfbd0cfe8071b0ed2edb2bc/data/dashboard/confirmed-cases/california.json
2021-09-02,https://raw.githubusercontent.com/cagov/covid-static-data/f763b57afbec2d8f1dc57a3f2b0b470de569175e/data/dashboard/confirmed-cases/california.json
2021-09-01,https://raw.githubusercontent.com/cagov/covid-static-data/d87ba8674449fe1de9be9c415592cf5478b080ee/data/dashboard/confirmed-cases/california.json
2021-08-31,https://raw.githubusercontent.com/cagov/covid-static-data/9eb4c20d22608ba82263c30d1669d497ed5b6f46/data/dashboard/confirmed-cases/california.json
2021-08-30,https://raw.githubusercontent.com/cagov/covid-static-data/e882973ccdeef01b56e612d813ec04025a4edda2/data/dashboard/confirmed-cases/california.json
2021-08-29,https://raw.githubusercontent.com/cagov/covid-static-data/dc6c9a2585a7e852322651ed3560b1df85a9a6e8/data/dashboard/confirmed-cases/california.json
2021-08-28,https://raw.githubusercontent.com/cagov/covid-static-data/02e0e698c1ce374a3e23fbda3aa50e8d16dde45e/data/dashboard/confirmed-cases/california.json
2021-08-27,https://raw.githubusercontent.com/cagov/covid-static-data/e8f59efd0a0aa9d049f3bfc7d9ba8be4c60bf456/data/dashboard/confirmed-cases/california.json
2021-08-26,https://raw.githubusercontent.com/cagov/covid-static-data/66702442bc71786b1abb72ca50386b85a15c0bfe/data/dashboard/confirmed-cases/california.json
2021-08-25,https://raw.githubusercontent.com/cagov/covid-static-data/d6ee01a766455133293eca409ab3574f6822b290/data/dashboard/confirmed-cases/california.json
2021-08-24,https://raw.githubusercontent.com/cagov/covid-static-data/06b110a9fae8a56248355664972809c3fd2f0d48/data/dashboard/confirmed-cases/california.json
2021-08-23,https://raw.githubusercontent.com/cagov/covid-static-data/ef4cb26e2ccd7d986c6fc559aac4e5842093c56e/data/dashboard/confirmed-cases/california.json
2021-08-22,https://raw.githubusercontent.com/cagov/covid-static-data/a727b787bba8cfec9fb8e29f631f9bd1471eb067/data/dashboard/confirmed-cases/california.json
2021-08-21,https://raw.githubusercontent.com/cagov/covid-static-data/67fc9f43ef52275232876bc0eed4793a95411116/data/dashboard/confirmed-cases/california.json
2021-08-20,https://raw.githubusercontent.com/cagov/covid-static-data/732fa23a6795f52cc4c2d49de95fd2b7d06e159a/data/dashboard/confirmed-cases/california.json
2021-08-19,https://raw.githubusercontent.com/cagov/covid-static-data/e498a21bb1031f6b45cfdeea83bdf6daefc63470/data/dashboard/confirmed-cases/california.json
2021-08-18,https://raw.githubusercontent.com/cagov/covid-static-data/9a33bad672d340df20052aa092dd20ad05b407e8/data/dashboard/confirmed-cases/california.json
2021-08-17,https://raw.githubusercontent.com/cagov/covid-static-data/de37ed8300ef5c7acc671012751b82bc5d631da4/data/dashboard/confirmed-cases/california.json
2021-08-16,https://raw.githubusercontent.com/cagov/covid-static-data/2e67182bc5bea438c43132124f6313fced60c921/data/dashboard/confirmed-cases/california.json
2021-08-15,https://raw.githubusercontent.com/cagov/covid-static-data/a860a44f4f4e7b8ac2ccd9a08d21797ab911191b/data/dashboard/confirmed-cases/california.json
2021-08-14,https://raw.githubusercontent.com/cagov/covid-static-data/901de8744737e3c6a88d13e26026ac9bb503a4de/data/dashboard/confirmed-cases/california.json
2021-08-13,https://raw.githubusercontent.com/cagov/covid-static-data/6e6a13b0aaebdd13fc44a3ae7fb461df49f89293/data/dashboard/confirmed-cases/california.json
2021-08-12,https://raw.githubusercontent.com/cagov/covid-static-data/1878c8771e0a5bf820c93b995e1fc3ceab3f74bf/data/dashboard/confirmed-cases/california.json
2021-08-11,https://raw.githubusercontent.com/cagov/covid-static-data/5ec06cfc9e1881cc73b609fa31eabecb8a5b6a72/data/dashboard/confirmed-cases/california.json
2021-08-10,https://raw.githubusercontent.com/cagov/covid-static-data/6cdc07800900dd39e0dd8ccaa6502a47fee45559/data/dashboard/confirmed-cases/california.json
2021-08-09,https://raw.githubusercontent.com/cagov/covid-static-data/eed4a15d3b47ac7093daf0fbd0527ccaa245d84a/data/dashboard/confirmed-cases/california.json
2021-08-08,https://raw.githubusercontent.com/cagov/covid-static-data/b5fbc1afdc926e29ae1cd607916077ba02983323/data/dashboard/confirmed-cases/california.json
2021-08-07,https://raw.githubusercontent.com/cagov/covid-static-data/a41350663801794f3f74354c5d941c5d180aa6dc/data/dashboard/confirmed-cases/california.json
2021-08-06,https://raw.githubusercontent.com/cagov/covid-static-data/86748389aec595cd157335e30eebff501b1d2306/data/dashboard/confirmed-cases/california.json
2021-08-05,https://raw.githubusercontent.com/cagov/covid-static-data/021f491ae62d76d10e5054362086a9ef1395837b/data/dashboard/confirmed-cases/california.json
2021-08-04,https://raw.githubusercontent.com/cagov/covid-static-data/330fbdbac2628bfba7669a7be6856aae5022990e/data/dashboard/confirmed-cases/california.json
2021-08-03,https://raw.githubusercontent.com/cagov/covid-static-data/5dbdf6118c1a36945a94db8db8c1162574232823/data/dashboard/confirmed-cases/california.json
2021-08-02,https://raw.githubusercontent.com/cagov/covid-static-data/4103ef9ec30eef9251e778c8b76a45c7e336477a/data/dashboard/confirmed-cases/california.json
2021-08-01,https://raw.githubusercontent.com/cagov/covid-static-data/45cb776844b16958ccc6e5f8976f5c229dfbfed2/data/dashboard/confirmed-cases/california.json
2021-07-31,https://raw.githubusercontent.com/cagov/covid-static-data/084172c0f92867ad49e85b07735fd52b6d09e69f/data/dashboard/confirmed-cases/california.json
2021-07-30,https://raw.githubusercontent.com/cagov/covid-static-data/4fc522fa7ea09950194aa809b9a03b19b2e36e9e/data/dashboard/confirmed-cases/california.json
2021-07-29,https://raw.githubusercontent.com/cagov/covid-static-data/681cd5e9961f1fdf76c713491b6f60d514d76fac/data/dashboard/confirmed-cases/california.json
2021-07-28,https://raw.githubusercontent.com/cagov/covid-static-data/dae28441ba7b6daa66807a77c6c348ed50da8f24/data/dashboard/confirmed-cases/california.json
2021-07-27,https://raw.githubusercontent.com/cagov/covid-static-data/dcfda621f3dab9eb4787e84d2237f62c4e2148aa/data/dashboard/confirmed-cases/california.json
2021-07-26,https://raw.githubusercontent.com/cagov/covid-static-data/6d08f5a19768851d2e3ddfecdd87a11fd4ceec9f/data/dashboard/confirmed-cases/california.json
2021-07-25,https://raw.githubusercontent.com/cagov/covid-static-data/7b1c26c9b656ee1b449e3d4bcf1a352f31034131/data/dashboard/confirmed-cases/california.json
2021-07-24,https://raw.githubusercontent.com/cagov/covid-static-data/9400f2ec3710d3eef1ba4fb27b9749d45786ab4c/data/dashboard/confirmed-cases/california.json
2021-07-23,https://raw.githubusercontent.com/cagov/covid-static-data/a7742ba992e6f39acf26d577c56b825a3dee2793/data/dashboard/confirmed-cases/california.json
2021-07-22,https://raw.githubusercontent.com/cagov/covid-static-data/b228fa8797685589a291c078a6d3027610c43fb7/data/dashboard/confirmed-cases/california.json
2021-07-21,https://raw.githubusercontent.com/cagov/covid-static-data/6bfaad2324dd34211c3e5da810f91f61f149ba7c/data/dashboard/confirmed-cases/california.json
2021-07-20,https://raw.githubusercontent.com/cagov/covid-static-data/edaff4a86774872a6d71f67ea0cb45b6da937762/data/dashboard/confirmed-cases/california.json
2021-07-19,https://raw.githubusercontent.com/cagov/covid-static-data/e2d13d7dbe561eda5cd1dc722b1606886491cdf7/data/dashboard/confirmed-cases/california.json
2021-07-18,https://raw.githubusercontent.com/cagov/covid-static-data/90c34aa6b7cd9a7c75ee750d8836ae69f7288df9/data/dashboard/confirmed-cases/california.json
2021-07-17,https://raw.githubusercontent.com/cagov/covid-static-data/697a508a7abe52a7a136e92dc0c7d9851b680284/data/dashboard/confirmed-cases/california.json
2021-07-16,https://raw.githubusercontent.com/cagov/covid-static-data/64dfe72ad1cb5f1abc4fcfabc9bda6839ea576bd/data/dashboard/confirmed-cases/california.json
2021-07-15,https://raw.githubusercontent.com/cagov/covid-static-data/fc4b072395dbba39cdae631b70b62790b9c35839/data/dashboard/confirmed-cases/california.json
2021-07-14,https://raw.githubusercontent.com/cagov/covid-static-data/4494af0afa3729a522fb57eabde4fd579827d85b/data/dashboard/confirmed-cases/california.json
2021-07-13,https://raw.githubusercontent.com/cagov/covid-static-data/4402f412347d689a9e72ef9973e9192c72664053/data/dashboard/confirmed-cases/california.json
2021-07-12,https://raw.githubusercontent.com/cagov/covid-static-data/e5dea737bfc428ccdb66839be34ceab459d20a57/data/dashboard/confirmed-cases/california.json
2021-07-11,https://raw.githubusercontent.com/cagov/covid-static-data/d3d87d43dc35aeb8ddcf6b5994cfb622e8bc32fb/data/dashboard/confirmed-cases/california.json
2021-07-10,https://raw.githubusercontent.com/cagov/covid-static-data/b8e0bede7230fe1828580bb412e064e51e587655/data/dashboard/confirmed-cases/california.json
2021-07-09,https://raw.githubusercontent.com/cagov/covid-static-data/970ad71c338a8e19210e5c6fdcf21bab1396032b/data/dashboard/confirmed-cases/california.json
2021-07-08,https://raw.githubusercontent.com/cagov/covid-static-data/f532ca52e0fcbdfd86b00efc7594f6af506441a2/data/dashboard/confirmed-cases/california.json
2021-07-07,https://raw.githubusercontent.com/cagov/covid-static-data/0cd7c05b330452a4f7509553bb7691eb4ddc26e8/data/dashboard/confirmed-cases/california.json
2021-07-06,https://raw.githubusercontent.com/cagov/covid-static-data/249787b9bdb0d31f3a9e0bad4982499b4a7629ae/data/dashboard/confirmed-cases/california.json
2021-07-05,https://raw.githubusercontent.com/cagov/covid-static-data/33e66bed14cfb27679352df926841dd47a5053cc/data/dashboard/confirmed-cases/california.json
2021-07-04,https://raw.githubusercontent.com/cagov/covid-static-data/0ce3334d6601e415e23d880e8f0915d0344d9adf/data/dashboard/confirmed-cases/california.json
2021-07-03,https://raw.githubusercontent.com/cagov/covid-static-data/92adee647849a64c323ecb38ea5e7de5ff71e251/data/dashboard/confirmed-cases/california.json
2021-07-02,https://raw.githubusercontent.com/cagov/covid-static-data/453eb66cc80244b548ffeec61da53804c1760a1e/data/dashboard/confirmed-cases/california.json
2021-07-01,https://raw.githubusercontent.com/cagov/covid-static-data/03822f796acb40da515432a1d76b9098adf2da38/data/dashboard/confirmed-cases/california.json
2021-06-30,https://raw.githubusercontent.com/cagov/covid-static-data/028112c0bcee9f69c962dad2b75757ba54a8c57e/data/dashboard/confirmed-cases/california.json
2021-06-29,https://raw.githubusercontent.com/cagov/covid-static-data/b43a36a15b8a55bdba118de6a630fec88475e74e/data/dashboard/confirmed-cases/california.json
2021-06-28,https://raw.githubusercontent.com/cagov/covid-static-data/30ad56a01d5804ea54ecd4bedbf53eebd78ea6ab/data/dashboard/confirmed-cases/california.json
2021-06-27,https://raw.githubusercontent.com/cagov/covid-static-data/0bb2166bd3dd5f9cf3cefaf47dcb96795d9a2b0b/data/dashboard/confirmed-cases/california.json
2021-06-26,https://raw.githubusercontent.com/cagov/covid-static-data/e1cbd45b7137bbce77c2bd6436f7b8662879737d/data/dashboard/confirmed-cases/california.json
2021-06-25,https://raw.githubusercontent.com/cagov/covid-static-data/bd40fa17e29d480f88ff8ddd45e196b93d64a3a4/data/dashboard/confirmed-cases/california.json
2021-06-24,https://raw.githubusercontent.com/cagov/covid-static-data/d49e657dbd89b71cb3879cde0f3d3fc4f5e1d157/data/dashboard/confirmed-cases/california.json
2021-06-23,https://raw.githubusercontent.com/cagov/covid-static-data/d9bb11bff8436ba7bc9e5344895ab36f8ad6ca0b/data/dashboard/confirmed-cases/california.json
2021-06-22,https://raw.githubusercontent.com/cagov/covid-static-data/7549a1c3431fa88f12e501ef0d6a9df2538d9c7b/data/dashboard/confirmed-cases/california.json
2021-06-21,https://raw.githubusercontent.com/cagov/covid-static-data/5a95623b10e6624846e0c38185befcd7c5045149/data/dashboard/confirmed-cases/california.json
2021-06-20,https://raw.githubusercontent.com/cagov/covid-static-data/aeed131aa9b8ed89401f014134fafdb40aaf8a60/data/dashboard/confirmed-cases/california.json
2021-06-19,https://raw.githubusercontent.com/cagov/covid-static-data/55fd4da2837d466ca0bcaba7ceba239c5351c8ae/data/dashboard/confirmed-cases/california.json
2021-06-18,https://raw.githubusercontent.com/cagov/covid-static-data/8f701e5b3869dbfd8383cf7272ef74cf537948d1/data/dashboard/confirmed-cases/california.json
2021-06-17,https://raw.githubusercontent.com/cagov/covid-static-data/3d0b16c320a87f8e237708f03706e708c032fb53/data/dashboard/confirmed-cases/california.json
2021-06-16,https://raw.githubusercontent.com/cagov/covid-static-data/8e8c1c9b5cc5e09b1c0b911ca0983449f8647c78/data/dashboard/confirmed-cases/california.json
2021-06-15,https://raw.githubusercontent.com/cagov/covid-static-data/149a083353ce10a08c66c28ede4d13b9cd358606/data/dashboard/confirmed-cases/california.json
2021-06-14,https://raw.githubusercontent.com/cagov/covid-static-data/14b564efca1822b2438c9689a93a0347cee02365/data/dashboard/confirmed-cases/california.json
2021-06-13,https://raw.githubusercontent.com/cagov/covid-static-data/fdcb72c05300ebfede6d6065cde73470fe838791/data/dashboard/confirmed-cases/california.json
2021-06-12,https://raw.githubusercontent.com/cagov/covid-static-data/222e77333bc92f360e4f84e624ac6be14b19cf7e/data/dashboard/confirmed-cases/california.json
2021-06-11,https://raw.githubusercontent.com/cagov/covid-static-data/50b2f395ef9144e48f674b25b568f5e21a8caeaf/data/dashboard/confirmed-cases/california.json
2021-06-10,https://raw.githubusercontent.com/cagov/covid-static-data/ade4a4f32573f038d220cc4877bf41fc7427c9b9/data/dashboard/confirmed-cases/california.json
2021-06-09,https://raw.githubusercontent.com/cagov/covid-static-data/8a0c1aaa63d21285994578408bbaad32eaaf458d/data/dashboard/confirmed-cases/california.json
2021-06-08,https://raw.githubusercontent.com/cagov/covid-static-data/93e0e56de888251ba564f52c006e16060a8907c3/data/dashboard/confirmed-cases/california.json
2021-06-07,https://raw.githubusercontent.com/cagov/covid-static-data/1adcabb341153bdb536f1040337dc8a355632ad7/data/dashboard/confirmed-cases/california.json
2021-06-06,https://raw.githubusercontent.com/cagov/covid-static-data/f37ef7f76d811d00b12b3e59a391cd686958efe6/data/dashboard/confirmed-cases/california.json
2021-06-05,https://raw.githubusercontent.com/cagov/covid-static-data/45e71fd9f537e624cc7412dc0ac76abb48f4b41b/data/dashboard/confirmed-cases/california.json
2021-06-04,https://raw.githubusercontent.com/cagov/covid-static-data/debf2bc70d18049415624d5a39c560de7a8e46f1/data/dashboard/confirmed-cases/california.json
2021-06-03,https://raw.githubusercontent.com/cagov/covid-static-data/fda02c6e53b564ba2c301ed88a02ea5c9b1b1eb8/data/dashboard/confirmed-cases/california.json
2021-06-02,https://raw.githubusercontent.com/cagov/covid-static-data/dafeb5cebbadb43aaadee7b5d605082fd115150b/data/dashboard/confirmed-cases/california.json
2021-06-01,https://raw.githubusercontent.com/cagov/covid-static-data/d9c801e729d524716923f11fea5da9a714e9ae1e/data/dashboard/confirmed-cases/california.json
2021-05-31,https://raw.githubusercontent.com/cagov/covid-static-data/e1e30efc4fbb94e951638a915bc1091960ec337d/data/dashboard/confirmed-cases/california.json
2021-05-30,https://raw.githubusercontent.com/cagov/covid-static-data/541c808f5252b6ed0f068bc1d426c0a1364ba527/data/dashboard/confirmed-cases/california.json
2021-05-29,https://raw.githubusercontent.com/cagov/covid-static-data/f65e87f4e505c6ce9f9b7989b18ab1f8aae540c6/data/dashboard/confirmed-cases/california.json
2021-05-28,https://raw.githubusercontent.com/cagov/covid-static-data/8fa7313c42eced30c3d89184259ce30fb8dd97ed/data/dashboard/confirmed-cases/california.json
2021-05-27,https://raw.githubusercontent.com/cagov/covid-static-data/4a8fdc8442a922ae27ec2999f7f3babc9272bf86/data/dashboard/confirmed-cases/california.json
2021-05-26,https://raw.githubusercontent.com/cagov/covid-static-data/74e82adda1ee76eddcf95a20efeedc27e7515539/data/dashboard/confirmed-cases/california.json
2021-05-25,https://raw.githubusercontent.com/cagov/covid-static-data/8fdfb1e0cd0e6e209d76e594a703d4d57250db8d/data/dashboard/confirmed-cases/california.json
2021-05-24,https://raw.githubusercontent.com/cagov/covid-static-data/98c2fbf9e91017fc50c99fa6881ec7e3251143df/data/dashboard/confirmed-cases/california.json
2021-05-23,https://raw.githubusercontent.com/cagov/covid-static-data/9538351c1dffeefd91435a0a641413b3b10186bd/data/dashboard/confirmed-cases/california.json
2021-05-22,https://raw.githubusercontent.com/cagov/covid-static-data/649236c492bd7d67489f5bca4a11efd3c6cbbc00/data/dashboard/confirmed-cases/california.json
2021-05-21,https://raw.githubusercontent.com/cagov/covid-static-data/a2ef478473cf4ce254cad2416ed4f0c9998bb65e/data/dashboard/confirmed-cases/california.json
2021-05-20,https://raw.githubusercontent.com/cagov/covid-static-data/065872c62c24c1bbc09806eab95f8de4ee4acb8b/data/dashboard/confirmed-cases/california.json
2021-05-19,https://raw.githubusercontent.com/cagov/covid-static-data/8c0a121823c2d521e721a63c856c78cbaf272a03/data/dashboard/confirmed-cases/california.json
2021-05-18,https://raw.githubusercontent.com/cagov/covid-static-data/0b22562773a43dd7628b191c74db3d5160ec15f7/data/dashboard/confirmed-cases/california.json
2021-05-17,https://raw.githubusercontent.com/cagov/covid-static-data/d7a272873870dabd51d117311cffe36391a6baf9/data/dashboard/confirmed-cases/california.json
2021-05-16,https://raw.githubusercontent.com/cagov/covid-static-data/906b1260e990b9ef02813c0df0445dad69cd14d0/data/dashboard/confirmed-cases/california.json
2021-05-15,https://raw.githubusercontent.com/cagov/covid-static-data/3d93ed9d69e6a3c42362c8c673f98a6acd920f04/data/dashboard/confirmed-cases/california.json
2021-05-14,https://raw.githubusercontent.com/cagov/covid-static-data/8a8699a91bdae3cc9107724660bcb305fc9883ce/data/dashboard/confirmed-cases/california.json
2021-05-13,https://raw.githubusercontent.com/cagov/covid-static-data/473f286f78942421e8b108a7f1772a4d33505b9a/data/dashboard/confirmed-cases/california.json
2021-05-12,https://raw.githubusercontent.com/cagov/covid-static-data/28fcc77aa4acfe74719d940788d7d6b151d3d885/data/dashboard/confirmed-cases/california.json
2021-05-11,https://raw.githubusercontent.com/cagov/covid-static-data/2ba9cd3bc25f9386784ff5e0202a7107c0a19218/data/dashboard/confirmed-cases/california.json
2021-05-10,https://raw.githubusercontent.com/cagov/covid-static-data/5c06484d32442b8fe0a6465c1780446376d74f28/data/dashboard/confirmed-cases/california.json
2021-05-09,https://raw.githubusercontent.com/cagov/covid-static-data/a9affc1ea8955068001a303956441834f3641965/data/dashboard/confirmed-cases/california.json
2021-05-08,https://raw.githubusercontent.com/cagov/covid-static-data/819ddee1f9f339ba01e49746c31bd3c6b85a1407/data/dashboard/confirmed-cases/california.json
2021-05-07,https://raw.githubusercontent.com/cagov/covid-static-data/66a2c935ec3ef556a1cd2c56eebe9cf89a956951/data/dashboard/confirmed-cases/california.json
2021-05-06,https://raw.githubusercontent.com/cagov/covid-static-data/e992baeffcdb0848bbc592c8a7eac588d5a74d61/data/dashboard/confirmed-cases/california.json
2021-05-05,https://raw.githubusercontent.com/cagov/covid-static-data/861f15c175dafcabce8e74aa29e3663b70c26368/data/dashboard/confirmed-cases/california.json
2021-05-04,https://raw.githubusercontent.com/cagov/covid-static-data/eeaaf37c06f27258459bfbb09873ed2abe2f4660/data/dashboard/confirmed-cases/california.json
2021-05-03,https://raw.githubusercontent.com/cagov/covid-static-data/52e6da3756d37a1bb02d7af93bf531f9f4f16552/data/dashboard/confirmed-cases/california.json
2021-05-02,https://raw.githubusercontent.com/cagov/covid-static-data/0dc3ddf858f333e0abc384087e50a23543591158/data/dashboard/confirmed-cases/california.json
2021-05-01,https://raw.githubusercontent.com/cagov/covid-static-data/0eaab5ab050d34d6be98a38ef468c7a3125002cc/data/dashboard/confirmed-cases/california.json
2021-04-30,https://raw.githubusercontent.com/cagov/covid-static-data/8b7eaafbdd2c683b7d7d7efe640531142cdecdff/data/dashboard/confirmed-cases/california.json
2021-04-29,https://raw.githubusercontent.com/cagov/covid-static-data/9dc346eb20f12f4f022d1865a1da4fb1e5c443ff/data/dashboard/confirmed-cases/california.json
2021-04-28,https://raw.githubusercontent.com/cagov/covid-static-data/80dc0df55adba457075d5df014d7a21a824013e5/data/dashboard/confirmed-cases/california.json
2021-04-27,https://raw.githubusercontent.com/cagov/covid-static-data/f04cb16acddcfcada2b591de46240afa59dcfb3b/data/dashboard/confirmed-cases/california.json
2021-04-26,https://raw.githubusercontent.com/cagov/covid-static-data/0719e249354c2abfd23112a403db68f15083f581/data/dashboard/confirmed-cases/california.json
